Job Title,Company,Location,Posted Date,Job URL,Description
Institutional Gatekeeper Marketing Senior Manager,Institutional Gatekeeper Marketing Senior Manager,Capital Group,N/A,https://www.linkedin.com/jobs/search-results/?currentJobId=4255267855&keywords=BlackRock%20asset%20management%20institutional%20sales%20investment&origin=SEMANTIC_SEARCH_MODE_FROM_CLASSIC&trackingId=IJrMLgVeCZixRoUtX4BGfw%3D%3D&refId=awZO0T1H%2B8%2BgohTmL3Vi9A%3D%3D&eBP=CwEAAAGY_qFu6KLpVcW-YT1j-y7Q2ViNB_X-mGql4ESxfZ3cpJxD2rxQU4yJdbtRh3j67smgEoSQLNqZOiRTVdDvWaQb4KtaupXHui6wkWlD0fZlO5WaP0noz1PNSle-ujB91hls8AsnhxtpCRcfxl9vhByI5iNPDh39X5HON_ZOnt_Li3YXAC-CqHzHOo1av04IDgBAoiVDeoyEZLDKrlyxtSaZ3KKMYxG3DGePG447WC_0skVg4S32lD53t82V-XQdCoXwjJjBu4H2esD13O3glpk-pzGg6vEyo_SqIefsOm5AanXQ2lw8AtczIusdEGncrL-_vWWEVwksWqYxdWQcAOXE7iNFvYx4snWSNQXjbHRyWHsNM_yfsu_Y3NncYRYQ3Z12C7jSHEldiQJIDydNzypewkm0P-8itSAB-ZeNRCoTeGvGJjdBW12B3wpkCJ6GrAL6X1bhNwzCr5bt8DTs-Br3iyzZ1VC1SD1iu9QZj2u_to_dsy_WfRcYGj-fxZMzZ4qenQ,
"Account Associate/Analyst, Private Capital Group","Account Associate/Analyst, Private Capital Group",PIMCO,N/A,https://www.linkedin.com/jobs/search-results/?currentJobId=4267694589&keywords=Vanguard%20asset%20management%20institutional%20sales%20investment&origin=SEMANTIC_SEARCH_MODE_FROM_CLASSIC&trackingId=%2Fdep0joKHQCfDY%2Bag4YY%2BQ%3D%3D&refId=qE0t2lPjlatHi%2B4MDtYM2Q%3D%3D&eBP=CwEAAAGY_qGaVKPPjyLFH6NObANFzc3KFeqL_rpxlj8QFopr5eNmugCfWTOsLvn-tIy43NIBEDN4VnWKHaU8pvhhD5FS2NViM8dSHBHR6Zmxm4rGZ-r1qbM_RaWs2Hj-nBFhboHvOcP28lEHyQ_Rg0xFnItiv_jmUFItf0aXEf60d08jKsV7mf7XKGq5VIZLSojffCagr4iz_gsth7J49sU4KCINXsn1v5gNNuxxKw8CJ08NLDw-XEUhbA8UmiIbu62vA9e0Dp7O5Jm-Gz-Ku2kv-Y5_fEjlNcKtwYvP9f8odPvuqaBd9SRWGMYfkK4HP6sfRKkifg_mY4pVa9ljNOS-QchkDadRJa-aC_6sUHJPTYtSjc1AxlBBW7z7BUK-Ibiw5Sb7IquCrWx-fn1jZIpV4nS9nKYyVbL7GCgcRw1_5xCu9HfY5YBwgoyKvzogB1BRD5VLaqvBNh65CTzPPCxUylCM7D-cjxoxLBpAWW1XBBD_j4uviH21HGPpED_GAPLnHEnV4A,
Private Banking Advisor,Private Banking Advisor,CIBC US,N/A,https://www.linkedin.com/jobs/search-results/?currentJobId=4277862225&keywords=Vanguard%20asset%20management%20institutional%20sales%20investment&origin=SEMANTIC_SEARCH_MODE_FROM_CLASSIC&trackingId=5%2B8PEVj1lnjVJ764w7joTg%3D%3D&refId=qE0t2lPjlatHi%2B4MDtYM2Q%3D%3D&eBP=CwEAAAGY_qGaVGw94Xb5QFeOXt_ErbKegrhy8Men9xrcsyBvoRpX02PIOfkQCILxXJUWwzVvkbKh3PfXSTfA7UJgPcgxbc39guXjGy3mssbe8KKChCie7pSfJrpyi4eDIdws_3S9u2zNhd0qOCc8iYNHCKdYYJIv041VvKBhx9fYJl7DUCRZWD7H1uAIluA-jjQXaqpybYP7zsO279PbvLA2RgcqMXM9Dh8dP-h342-akOOgq-CwboLg81UeaRW6EaYrXeNOTCFSOxxFVADsLUrbVT04hxMbSH26vEA-9aYj5jNVhcDtRXTII46i5riKLCYc3z8RFYWYl1o4f75QYO149iPlhqyipuLpVqpMxbbw9dgFf9cQgemev6Kb7rKsImpiUm_D9MNwg80JjihnRgARD1ccCGF6svKrpFBWWFKnimk92wktEX3CvRle8xMoXfyWa08D4L1Nbw6Hxbqb58fGe0P9tcOdJWfJHGu8kc59kcx57k6_BKvpmtOUFlK0mh6U,
"Wealth Management, Senior Alternative Investment Specialist, Executive Director","Wealth Management, Senior Alternative Investment Specialist, Executive Director",JPMorganChase,N/A,https://www.linkedin.com/jobs/search-results/?currentJobId=4278950788&keywords=Vanguard%20asset%20management%20institutional%20sales%20investment&origin=SEMANTIC_SEARCH_MODE_FROM_CLASSIC&trackingId=nxB5%2BqVbYJ8BGUsU7rqqHA%3D%3D&refId=qE0t2lPjlatHi%2B4MDtYM2Q%3D%3D&eBP=CwEAAAGY_qGaVHNsIZ9LkMGNN65Y0lSbeWx8tGIw_GE7HPdka5arfESOYTdsP0yCWNeP-8v4zpfEZsgGG5lG61oXDxj0Lgq3qz1rI3lJ8cwnrUoK3FS0UJe-ZlR0LGr4HWLeXVhCC4hhtvdbcxgjpwS90C71-sPT5CCteSmDerAhpITp0LBHfcloIUB9YjDiXYaBbkWzebyDNNH8OmyFnEIENz9lO0NcXc639ZMT1uW_NB7rn9kzwyd5Vegk2Ql0ahlJ-wJCcA7LPBNt67bWlpsTqhDHh1Iegophxi3uNYR1VBE3_Iwv4aWZ9cYL5HswraoBC17-AS7FIkvQPIl-omFsHOcDMnEf7hQ7_j3wL9GZ-5zRO9LETEfFsFPDiG40JxJmzRGrOsHuC-RdYAWU1Y3qetJZSEgQwudt2m8xI4XgsI1MtAERs3_TAFHtVVEGKN_lCwydseK4-htFf4t7YJUJOyBbEzh5tDxOAi0LvOe2MTRDZQWqcE4PVNJa1DzoaA6qaYk,
"Private Wealth Consultant, Outsourced Advisory Solutions","Private Wealth Consultant, Outsourced Advisory Solutions",Capital Group,N/A,https://www.linkedin.com/jobs/search-results/?currentJobId=4279259790&keywords=Vanguard%20asset%20management%20institutional%20sales%20investment&origin=SEMANTIC_SEARCH_MODE_FROM_CLASSIC&trackingId=quTEJeswsGJ%2BrE89S7leGw%3D%3D&refId=qE0t2lPjlatHi%2B4MDtYM2Q%3D%3D&eBP=CwEAAAGY_qGaVB_6uYqXWUVQdAfHACbGTOmS9TQAOlE5cjaNfwywLehY_bYERVjQvNS_iDT_izo3unHsyZy73FWFm9iQxoDZDwnEpVg4C99X0MIYdOR2OOh3sfi-pYthv7SzljiwHlKPkMeqS4EHZaqigMzxJjjwlr0Ecuok-sICx0Kej35TIzXr6XTxj9BPSPaiu6PAb_GbUYJ3UIIiZHveuySoY3eUtQy7Srp9uHO9XDEOJ74wfkFCyfhGEskUHt6oRJn2jJHqkt5ZEwZUCEI4VTg3vAl1jB0DsSlXQ6S1NWorrivV1pTYJ-bbRE0Nbe-Xd0J5tBoZTgrTti1gqc2xfCS0jhUJ2VSlf8wXotUYDDkm8GMqORX1TDtNn20gx3FJUee7OLpmAixsePXZJz1FJMhD8vFJneZtCnXB268J-7G6PMGm9TQnXr_lzjDYTO_62-lTcwW6dI2PXRZLK_bA3RIcM8utieM06sL9BDhh5cSYexO4qRpjCBrb-SPGB5vxY0w,
Institutional Gatekeeper Marketing Senior Manager,Institutional Gatekeeper Marketing Senior Manager,Capital Group,N/A,https://www.linkedin.com/jobs/search-results/?currentJobId=4255267855&keywords=Vanguard%20asset%20management%20institutional%20sales%20investment&origin=SEMANTIC_SEARCH_MODE_FROM_CLASSIC&trackingId=Y7SyzjXgy%2BCIyspSH3XyRA%3D%3D&refId=qE0t2lPjlatHi%2B4MDtYM2Q%3D%3D&eBP=CwEAAAGY_qGaVF07b7zvsOAo5sRTfhAFzEzXlCGNACwfqecCQMbD0kl4jsojdWRRHLPQP5QIbqxzDxImBu0opLPkUEKpS-SmWhSgCtG6W_wqSJqLmgXel0o4_1W0ppMXbIJ_DqNKbeDSD3SJG-shlI6iN30b0e0dWP7QdmAQgTyh4dr5fgkdfqI0Kkpn6UO2RvLRgo5CWndaGxwln4GYZ4bjrY1G9Q5gxpjDZMw4BSxjWcXFv8M8fqo00FZa5IqcYiBEi-wRgQZ8EbQdeqhUDdXaq3bx1j6-x2YAf0iZ7is2xbhXwrtKdYauqmWh6gEQ6V2zl7S0qz6A4kd5aiY9V-owDKKHr_f3lvSD0eTOI9xZc7TQoklzGPFsA8QMaAaI2wTwijI8Rp8oQgrkEX25r8ewWT7apOlgdYv6hjICPBanyplrEiZNLLr4FCgau-PPGsls-_Rv_2wopVCfCgCL3rs8Yyx1REUMUtRykzwB6kJqkhDA2ZWiSKHNPeTcGnKYXe9XKF0,
Market Consultant WC,Market Consultant WC,Invesco US,N/A,https://www.linkedin.com/jobs/search-results/?currentJobId=4245852489&keywords=Vanguard%20asset%20management%20institutional%20sales%20investment&origin=SEMANTIC_SEARCH_MODE_FROM_CLASSIC&trackingId=bab33CTJ%2F8DE7t1WpCNeig%3D%3D&refId=qE0t2lPjlatHi%2B4MDtYM2Q%3D%3D&eBP=CwEAAAGY_qGaVKK0NHsFWtXi6whWCtYYzQEJFm_6GnOStTPgI38VbMbVLStYWqI96u6iDAqAdUEOFxoJqv6rNmKlPRON8PgfWPyLx_DbQh5RWBa7i8k6BbYky7vEOrYpTpy4Hlm8RF91Q3_qajrfiKjAig4yrgP3x5DKwYVouUuQuEOWS8YdKfRyYlcmVrdTAO1jyWzMdP_mqC_Ba6gzZFVZbMgFp9VFM-79pMC1961t68sy1x816yxmTdN3qqdp4HyIjcxq7NXW7Opg4qvJIjSN9suglHMR1oYqk42Dj-ihzttj-Y1b8Ue_UuuUZ0gr8xhUBsQSTEKtez8Ctntxf_33MMq_9Xd8pYSMv5HdWWzZSClkeJUuVSJPNN3tIy7sDsAxvxnxv_ELRKWeGWmqUKWhiuBudHXovawn9pSvaVL2rja48tVm3UHs69I7dtIEvT5hsVexdXsnN-H70Vl101d9TX4LM4P0C11RW8z3GRa6N174hckwRTWv7nAWRE0j4k7Hx2m0tA,
"SVP, Private Wealth Advisor","SVP, Private Wealth Advisor",Capital Group,N/A,https://www.linkedin.com/jobs/search-results/?currentJobId=4042981037&keywords=Vanguard%20asset%20management%20institutional%20sales%20investment&origin=SEMANTIC_SEARCH_MODE_FROM_CLASSIC&trackingId=P9v%2FJyZWsTK2EbgcN%2Fctxw%3D%3D&refId=qE0t2lPjlatHi%2B4MDtYM2Q%3D%3D&eBP=CwEAAAGY_qGaVEIoRBM7PkPj6p_c0AvN1-HKoJ8iTvs1bAJf84sfuCPalMdCBC75wvQQhtnlhkWedHRK7DBDXBfLxpFeYziVdDeOm9WA7tPuzR9IYt8DFiHDL0WFp6p4ux5D-6C6H3n98fWvz0p99913ZymjPyIJvCV_1dl1VJVvAOAAPX0Vgbs7GzObUr-JLM8zKJoLWtusmZexYimpAOR2Jlv4ovVcZlZ1vy98h41WCt4cjznqz5gcEMB6_9oatGOlRXnQUTK2Bk_KKZMub1cNJ4aT0caKbfWwAWDf9fvUxTPerJEQO1lMRPFvwj09_hKVba9zrEV0Ny4pFEc5rYT_VXt-SWGDsCRKa5fS-5WtwnLNynn9vi8AFsw-YnvuLVs3FgbtQMxetThKf5XQkj7dFtLLClpcNNe3BwTvMgv3QL10FUllugRhosSVAM0U8g2DUneazCJnv5mWOhXgHDCwG86f0mGWZS09dOpxP5GVLnUHx4OTaqZRnSj_qVqo_1JZ,
"Regional FX Sales Manager, West Coast, Managing Director","Regional FX Sales Manager, West Coast, Managing Director",State Street,N/A,https://www.linkedin.com/jobs/search-results/?currentJobId=4285938304&keywords=State%20Street%20asset%20management%20institutional%20sales%20investment&origin=SEMANTIC_SEARCH_MODE_FROM_CLASSIC&trackingId=k1d2SQgSXoVM83AH%2FyNJdQ%3D%3D&refId=Kw3%2FnYzNdG8QxLt5eU02Vw%3D%3D&eBP=CwEAAAGY_qHHRupvFUfEyjyHUYKr656Wd9eOdUG_QYxqAp-Z-Pz6xb2FkXqGKT1AKI6DksCQsqqutiB8RLO2g2EVCFZ-ukecBKVSXW6G0ImhgHaa0p_hG0vF2k4L1l0w_mYCh16yta4LYjAyX8p8YYraHVdlKFupsChuPz32vmWd1VYxM11O_BnY8gL7Rei3E7vHmJyKwTTDxSVec0Zf4gN9IXLocYxiaTK5ptv_1BjR7CRn1qgkFHsjqgY04RlIgpCfWOl-fuoNAvyoBLt8ftb9OMKorB9Uo08JRhMhwiDc97-3ayCLs1JpjpNkQOv_s6w86H4C1gm8yrrcdEJXJUNqMw8u_7Nlpfiu3FCPNCwYtSQmKS_JXI_PcEd7D5qZPpMQSZW7fAL7Euuyw_V2FMCuM4SUHCMok2XTm9frpJAwWhRmUuK96bBkQk0VXSmtFo9c8Ylvx3fvxMwqwI5gFtarUYtzqrMXw95ncymfvJTxP3cR0qVrpeHCdj106-XqHlmr,
Institutional Gatekeeper Marketing Senior Manager,Institutional Gatekeeper Marketing Senior Manager,Capital Group,N/A,https://www.linkedin.com/jobs/search-results/?currentJobId=4255267855&keywords=State%20Street%20asset%20management%20institutional%20sales%20investment&origin=SEMANTIC_SEARCH_MODE_FROM_CLASSIC&trackingId=US%2BM%2FZ5h2aM5fMo%2B4iFjhA%3D%3D&refId=Kw3%2FnYzNdG8QxLt5eU02Vw%3D%3D&eBP=CwEAAAGY_qHHRg9XKqIB9YRZvoKMn-e1qIPIXJyMt6OxkYENsuR1Q5k6-R2FRQXR4jURPEbyS6ebceGQk0Awm7qm_cGuQ1PzrPnUhvDkb-LycJMFO0vFiI4aaSd5fysboq6hHDZy3_2QtQnpYFsId7fsvPgNTqjRwAdtmAuC4Y80D2QYoM2_w0hgD_aZ0a2b_2HiZeTrXNprvAZbMkkBhOwkjGQrXVjAokfIEROP65DontvPqMGiHK0BdmEhWR6uZ1DoRa1uYdsxxV1x_7ih5Gohh6nTifb_qinWAEL7gFEfyECazIqH5WrdeuIrDHUv4GSjZSTYQggvPqq74ufhLL4twbO7v5d3zbWYQlZUJRlUa-ucvmNu12HhL-KRwSgz7sMmBVnix2BJXth_dF4op5wGYRn8xem33xAonBXtDVbVYYSr91ohmymP9zv6DupsTmQuUxc13MRF5F3SFQFmmcy7--a03QcxvejzCiGg3WZMMXXz9entASXserDNsktXQVxcoo0,
"Analyst, Institutional Asset Management Sales and Consultant Relations","Analyst, Institutional Asset Management Sales and Consultant Relations",Principal Financial Group,N/A,https://www.linkedin.com/jobs/search-results/?currentJobId=4290950635&keywords=State%20Street%20asset%20management%20institutional%20sales%20investment&origin=SEMANTIC_SEARCH_MODE_FROM_CLASSIC&trackingId=lXFfJtIp0AB0f9u%2BVllGGQ%3D%3D&refId=Kw3%2FnYzNdG8QxLt5eU02Vw%3D%3D&eBP=CwEAAAGY_qHHRjZ5AilsJ3mOhz300f0CVS0bFANRaxi8m0J3hfnUERk-DJqvCpOXp0PtnhKTsdUAy8f5kNkHT7ASTQfySHDel0DfntI3dFO7-1iMmY7L8RNjig8F-7N4mp2IbZxqQ7nXxOomfW-DTG4wEOIpXXSN1PBput5-JEAFQ_GErbLL0W9Zddvk8ulhNPCugEOqM8PfzEVyJzIgO1xcN3m_CP7iwq93ZdG6uSSdpQbjRmlwAJebGqI5kl4SbTUpe-pjp8PdfpI9nv8TcWezEJsa9SFNgbHyZGu1iPc3RM5DFoLlc3kJYgysBZBd_8DTQzibP402ScyrOz-lOAXhtiI9s2JMphCgsplI6Fkb6KI5ge1aS-ZkBaL8M8-rdo_Yze-Q6uhn8colC0IMo6kIfK8HnkTFszaaoF-gezjraa__xez6LWqfBqI6nUzviZfttJ20WxghHVZtAHxtMdZkq7LW6PHTOJks_masv9eq_QGL3eyx_iznR3G3bcsgMMsX,
"Private Wealth Consultant, Outsourced Advisory Solutions","Private Wealth Consultant, Outsourced Advisory Solutions",Capital Group,N/A,https://www.linkedin.com/jobs/search-results/?currentJobId=4279259790&keywords=State%20Street%20asset%20management%20institutional%20sales%20investment&origin=SEMANTIC_SEARCH_MODE_FROM_CLASSIC&trackingId=EgGzS7Ys4pL5lmC1CJZkXQ%3D%3D&refId=Kw3%2FnYzNdG8QxLt5eU02Vw%3D%3D&eBP=CwEAAAGY_qHHRkbFBUU2k-mXESB_07F6XEggdgjcRA6JlWABbUDVsxnpCRnLy1usGW8Thrv4glpmISC0PgKskS3L-w-xe6zWjnTndvGG0YY6aAm_fYKD6wPww3LmcJRHnd9-a6HW4Unp9YbL78G_keYtG0Ild-iqPYA4MlIxjl7aT2bG0NXZKXX1zKUJqASgrNS97nrp7vLRu3DAbqgJG-iUcsoXoDxWLTfgmH7UfVnrTUxjTnK4R7pQABPQrzVfY7XvPBe8r3zayuMAcPRl6zJFzxCxK9dz9L1OXrO2O0Km6Zdx8h0srt19iNA4M14M2ZGA1fTB_x2MufJYbP0RlXMsx-H_oLQXTs71OOYJFtd6itxFIpEBgoBfFSnpCefHLuL58YjWR0XxyWaLB-p3fXUlO-5ysh886OInHXePEVjCGYSEDVBAVr10m_iU-0QwZtKWfzXVlGO-it9aejBOJ2WRBQvEmm0JJ231EgrPzcUz4gLjP6IDXBI0GSOTfNHwpktDKoY,
Business Development Manager / Wholesaler,Business Development Manager / Wholesaler,SteelPeak Wealth,N/A,https://www.linkedin.com/jobs/search-results/?currentJobId=4291374006&keywords=State%20Street%20asset%20management%20institutional%20sales%20investment&origin=SEMANTIC_SEARCH_MODE_FROM_CLASSIC&trackingId=Sw3cMchLewH8G82GW6SJBA%3D%3D&refId=Kw3%2FnYzNdG8QxLt5eU02Vw%3D%3D&eBP=CwEAAAGY_qHHRl0Vwbu7fQMHSDc-GHQcxbvnlKD0higXY40DmaFH0zpnSDGqZIBvB0Eff9JzYCFYgUhKaEscecgNAcFiuTy8PsIrVLvZVoXJboJt70kV6LP51W5iBfDz3D-7KeNyEWoPHqcDrNsVtwC09GWondgkNomT4HYt7hubNAHp1w_iAOI2_1byVaiRw-m8xe7HI7RdatbOXqt79MB_Ra0hMmGPdgG2FutjKOmx5Fp9tLBNJ6ejoPpR1qMyFS8SC0fql2EtePjcrHH1znIjbV3R8ey2JsO4zGfk6WV8FaV6TUnNzECloRzBzf16KZ6TNWKvVK61x_jJs_LvVBE7zq-BJxS47THlS7H4Z0iAoyJIK6da3iicku02px0bbLl3fKRpDoGruVnxiyf7C3FiALPdHq2sHy7MsH6fpPAdE6V9uNdLuimjQFlAyOT7QuGUAKNfAcgkP9XdWXIvsJgvxMoaFLjdCgomTxc_i0Wgi_MvlCJQ1HKTBGtDUTom_A,
Casey Quirk Investment & Wealth Management Insights Senior Manager,Casey Quirk Investment & Wealth Management Insights Senior Manager,Deloitte,N/A,https://www.linkedin.com/jobs/search-results/?currentJobId=4275086718&keywords=State%20Street%20asset%20management%20institutional%20sales%20investment&origin=SEMANTIC_SEARCH_MODE_FROM_CLASSIC&trackingId=WmFlk10HfSvipMc3WzN3bA%3D%3D&refId=Kw3%2FnYzNdG8QxLt5eU02Vw%3D%3D&eBP=CwEAAAGY_qHHRoLqbK8exPc4T20zvVmhOa2c46h1GmqksfuaDLDfljw5ujR3eWonoNH00vy6C4R1QeqIVQis9Rk6aRLG0D0mWKx2431UgKU3AMtZljivsEyPPfnz7K3da_ECaWDq-0iZMeYPklbGqOBcM3lPBh16qCrIF-s38_Uvvxcd6da0I-Pt41q6dmH0EMAxnlBD74VvM5AeDTKnzpIWZ_XTCCfp9ESYp8q49dLl1XxKFNONfbxcmMTfte9m97wj2sGyeaHK7Dhr-_kqqhHKnBB_HGNxCD00YPxUkilB1RpkKr8QNJn52ywjQ3GOAXwjtnMR6F-_s8Xx4FnRxgmyofEApexw1Uo65rEz7fLLrRc5vsN2axRsYdxQesLnLn_uXA62djFS5FiGi3661Ru-kpQjO8AKi-5vJC_PIeU65WJ1qRW6DyQS1NGKD98YA3X6R10iwrx6pWa1nT3VePmu4ZQ-djTO0EcUWBzenDELneQCPY9acszdqq9Vqmz47t3C7Co,
Investor Relations - Managing Director -Los Angeles,Investor Relations - Managing Director -Los Angeles,Marathon Asset Management,N/A,https://www.linkedin.com/jobs/search-results/?currentJobId=4264240588&keywords=State%20Street%20asset%20management%20institutional%20sales%20investment&origin=SEMANTIC_SEARCH_MODE_FROM_CLASSIC&trackingId=fnbE0Ld50nXykCCuu3%2FBlQ%3D%3D&refId=Kw3%2FnYzNdG8QxLt5eU02Vw%3D%3D&eBP=CwEAAAGY_qHHRt-vY0TadwGh2NGqKj4Le2g8MuC26TQ0DXTQxCA_LVq34mL1oEfyLl_vowY7AgFWcAo7mH9qSKFCanmECuJx7FyAlcWlSHjdN7nRWSKB-EEmTzTThj06xQPDR8-4vEv_2UB-KgFm8GD0V_5gDVWkvQz9HZyCsVSrjRi7_kGoPM_ido3kQY1IQSgNxWrxrIfAwtWxQQ0aT2qhBgbsRE1DzOo1vMe6cIxVa82poMayqvdf1uKNKK34lkCKZhlNmzgxAvLk5_7kDyXV9MpP0BEvjoxNMmSxi5k75eb-gsCT6X_KVJDF8mi-TCLsxc5uRPMGcYUiL1epeEJRSxiyFeFKG0CpDIGnIv-gJe1_b0axFjDItsH_gfihjGQMqc2ZXWlBlrTixTy47sJIKAK_P7QvCllf7ITWmYBfFP1Ex7OXL0B4pmC_T2VSRVfyRah8Af9cRUkyhz5pm6HLLB2UvLUfHthDOWUSHZyfmWsvM61-dXEkgeIVRvfqq9XiHUozXA,
Merrill Financial Solutions Advisor - San Diego Market,Merrill Financial Solutions Advisor - San Diego Market,Bank of America,N/A,https://www.linkedin.com/jobs/search-results/?currentJobId=4278731468&keywords=Fidelity%20Investments%20asset%20management%20institutional%20sales%20investment&origin=SEMANTIC_SEARCH_MODE_FROM_CLASSIC&trackingId=a%2FkeDN9VkV%2FyUSbGDWZL3Q%3D%3D&refId=ihzcOJpFmzyM7%2BNQ2MZPdw%3D%3D&eBP=CwEAAAGY_qHu_13BlqUalK5V6QlAxQHD9XCnm5-D9p42f0G3UZ6slEjXa_Z2i9dD5GEPZN3NGBxHzmX3qwCXeIgAQTJWVsvAGJxozu5H5fvrxkVFEZu64afSPSUVRGvFoqz0UWadt0BOhZ7y897RlI3odIuyWGKCpClOZsp2P0wpGDNKoyBVMvwEm7UZQIXA74r19L5TkZQCA0Nvrejnb4XlWWbcwo7AOqdVfAu6AJjaRYi9LCD9mQvBYow9G1cX0nIdtZTQeKZYnJks-OWHeYJRkkmEskUnahO9Hv6tLCRU-m_ubJmGvyHIFrVItBYl_BETOrwDeu1-K-O9_KtHrI6e9-DCGyr0xDBrKiBR1PFccQ8iEDdmq-TiIijrt3sVBQwveeHdylJBTFvZGL4lh2ftN18_Wzak3mx3f1jT20xzY7_DKMBOmzTe46rZ5izPalXSCdfwI79rstewDF3lmiZgWdFveGiXA0Y2dWbPfbesqEi9_fDHzSkX5Mt3arwn7GQ6tDk,
Merrill Financial Solutions Advisor - Valley Coast Market,Merrill Financial Solutions Advisor - Valley Coast Market,Bank of America,N/A,https://www.linkedin.com/jobs/search-results/?currentJobId=4278726880&keywords=Fidelity%20Investments%20asset%20management%20institutional%20sales%20investment&origin=SEMANTIC_SEARCH_MODE_FROM_CLASSIC&trackingId=ACeB5ABR1Zlzf2EOotYwJg%3D%3D&refId=ihzcOJpFmzyM7%2BNQ2MZPdw%3D%3D&eBP=CwEAAAGY_qHu_0wiI5H43ZG8fnhWDUuH1LtdNYwzMU7mkQ-pbhNLQQpoG0Hc-zWGPcHw9Oz_PIL154zC8ll3N29R_iiC78_k0rIaGGyT3mR02JCdD_RUNN_T0cuFg5UAF8Np6aoqehKM9U8qNXg5lVUyE1pIuIhwdWmNIlalatsfvA596pYViu_4JCjfMuZdpS4_FYrBPAEl1znGzdr8mKiFRCIufvzNU0lnKc8hXUPyEBIb13PHry0MYDP2jGXzFYZ1N7G7Uw_gmobhhsqAC9fIq9nidac3rzGeqxCgLak2jDXP8VKq-hSGdSxGHgb5WS9FBkhd6vxI6GaLwdWeR4GYS3KpcqjtyieFAjjHitKrsOM2_WwV0OTdzm8IsYvePJKfCcy4YkHNlKZq6eC5Qrt_sQg_9jtsS5HsRQiLOUDUd74hnjzrPRARjqzvD7tBz0pkTvtUYd1El_beK0_liUL1VhIRw0Lo1B-XL2l7Ae6xOaABrQz4qSkPFfIUvwoKLRL3TklJyA,
Merrill Financial Solutions Advisor - Valley Coast Market,Merrill Financial Solutions Advisor - Valley Coast Market,Bank of America,N/A,https://www.linkedin.com/jobs/search-results/?currentJobId=4278726881&keywords=Fidelity%20Investments%20asset%20management%20institutional%20sales%20investment&origin=SEMANTIC_SEARCH_MODE_FROM_CLASSIC&trackingId=ns2Cry%2BOoj%2Bfb8KkQ7hLDg%3D%3D&refId=ihzcOJpFmzyM7%2BNQ2MZPdw%3D%3D&eBP=CwEAAAGY_qHu_xxxhiCRXoiH6tmsbrtTb8L6IA3rl8YEcWDUwfeF2i-ji3ChT9XK5lJEdPwJDik-i865LPKphgyhoEbYlp1zwP6qoIKiTt0J6MWtSOs-R59qcmM26AVui9fLUeHpp9vOiqzMfjY3rbEXIxcyqCE0s0wphbEudRpQXxY0Cies9WwOpP1yzd-dFTMrNcB8nkq30-Zy7_IHEt1e968wO5NeB99EuwsCEbI9NohKfBL9tQH5oZY_k21npGdE6XPqN5V4npIQxA9EQq0i4zfGRArJGEmt9iwsbs0wINUklpZBKz46j6H5DB9DsyLOJZVDR-15Ova_w8fj3LnPBRZsN9fc8O5cNpPQTKxxeOpUSpEeEda9NmKkFrcgwLTXQ21lSNUpXDAH2nOvvm2k9u_nd6p1II-uMO9NDAnvLCGOYE9FOK0zb0nOkItMk6hccPplZ8BNOT5KDc6cjIsvAFQeyri7FxMEP02U0YEkoFQoxbSGW1zNYKYqRtC2ZfDVIXs,
Merrill Financial Solutions Advisor - San Diego Market,Merrill Financial Solutions Advisor - San Diego Market,Bank of America,N/A,https://www.linkedin.com/jobs/search-results/?currentJobId=4278730657&keywords=Fidelity%20Investments%20asset%20management%20institutional%20sales%20investment&origin=SEMANTIC_SEARCH_MODE_FROM_CLASSIC&trackingId=SKX96NaCz4Kij8kNgCU9Cw%3D%3D&refId=ihzcOJpFmzyM7%2BNQ2MZPdw%3D%3D&eBP=CwEAAAGY_qHu_5OdH7hcApYlw9iEz9TDy4cGu3PJmtYI9daVhMu7JqUf8SCfGji7oKczX1tg-CT7sf_P2c-cUoZDN9Nin_XvvmPEo_YvnSKDrmCrR-b8HDcV1iz9D-s2kSJ7XzMLPwDq8sqGvNzfZcS52_aYARbV3KdqvdMvEoduyHLecQJW9uGcPswkmc4KYGTRfZSOFSlTKQoExIBJVxIHkhKH_IBzBnFr9wtbX3rJahSU88tpFUDcvM1k5ProoBWkv5iKlanZoqpeCTbatw2ffJyGqDhSns6S9rlcdHBpSDjBPLMH0IhA_12lrd1jg9ZMMeqDqUl06oT8a_jNdniSSmpEzlKSjgcHQULKX4ExnbcdzlouWUlZ1NE3V7Eo3FvbW2m7pEpGBJYBmoLejV26WIY-CPWZ2aSMDlS68KkoQbzd7W65kzIm0dz2Jf-2xf-rL9TNkYPLZ8EnpWE4tUwNMINBdfRlABvTg4ptdphnP0G9IknFCbTsgajfDoSIij3c,
Merrill Financial Solutions Advisor - West Los Angeles Market,Merrill Financial Solutions Advisor - West Los Angeles Market,Bank of America,N/A,https://www.linkedin.com/jobs/search-results/?currentJobId=4278725836&keywords=Fidelity%20Investments%20asset%20management%20institutional%20sales%20investment&origin=SEMANTIC_SEARCH_MODE_FROM_CLASSIC&trackingId=twi7%2BqOlvXEXipcWKjhCfg%3D%3D&refId=ihzcOJpFmzyM7%2BNQ2MZPdw%3D%3D&eBP=CwEAAAGY_qHu_8wSWwuRgraz0GHuQBSGtAWBYtd9favX2WDv0ox98Rn7vlHYv87P08qbbomArUXUfHDoqrByfZl0qQqR0TG6tL6JuaOomInqNONhBj7Ob2o_DEk7Iucb_qgPkP5X4S8vrHWgt0tupOanFYxqrNhugH_mgQLkmLs-HCvPsMv8IJVWx0ZIzSBwLJhPkUwwjLo6UpNcqGNkJeTYaxt2RM4eyzUf5q9fpg0KccEDzBo0lKvn2oqHLBbjqWdqLoksVFQGdj_fdxylnYL5Vd3BpNfbzsKi_A8OGQl1BWdBzoY3hnCxIH23uNE6eIT-uIR3wqePpl3DJgS6dyjt2mdvdB17Gqpy0Uf1J2rudMAwUtHAbg79tPUkCLl-SGD6_cSkz3NHFRIy2AqSvnU5Exb3OY7sKuyyASH6SXbmKzv12ybKfdN4stW8SH2_EcR6l-sExKgWpIV9JX4OyfzCOqle3M9VN9VJDinrSjriGNTjiKpALCF8zyKfi4UoYZet,
Merrill Financial Solutions Advisor - Valley Coast Market,Merrill Financial Solutions Advisor - Valley Coast Market,Bank of America,N/A,https://www.linkedin.com/jobs/search-results/?currentJobId=4278728848&keywords=Fidelity%20Investments%20asset%20management%20institutional%20sales%20investment&origin=SEMANTIC_SEARCH_MODE_FROM_CLASSIC&trackingId=K%2Bb7WUmEmTlMFcNO%2BjpB0w%3D%3D&refId=ihzcOJpFmzyM7%2BNQ2MZPdw%3D%3D&eBP=CwEAAAGY_qHu_yCinTIyaYSuTEsdWdesH94gmv3ki3swVSD_i1R4iAHxb6tp1cboP_h60jm7SS3cwvFmX8LuIV8kWyaQhPhigWgttZlvBYxAGQLcUy1WnJ2Iv5kL3Liqsk6aK1kPVsbCp3uOVIQYELdzl-K3tLR5Aq7DJ7Cg8LXuzlszKtco2Xz3Xv-7NeeSxOf-wIvvsOOAqLjc_ImUkACv1Faonyy1AIrpSI6fSIDw3vmyFLJrpyBICtOzi9EASu6vau6Gf_ttekpjfDqSJRv6nupeSrnfnFNCxYOwtpUutn9wkmdy7txSwkgsOTFx-_6KowCr3mFFF-RNZMmJtcZ6YgzOL9Qxdk5b2ibWwyBQEy4bv4lNOt9yRp0RJEcXQb2_7f4en-oxWZfwQp6LU4NVgXokIUjrSCp81--iZRqJbozV9HrIzLYI5Sxv3uYy5fxibk4HnpvNG_jyqfW9OiD2uz5vQBfP6c9LTeTc7SS7GbcOJqZZPAb0laohCvijpI7Vijk,
Merrill Financial Solutions Advisor - West Los Angeles Market,Merrill Financial Solutions Advisor - West Los Angeles Market,Bank of America,N/A,https://www.linkedin.com/jobs/search-results/?currentJobId=4278728846&keywords=Fidelity%20Investments%20asset%20management%20institutional%20sales%20investment&origin=SEMANTIC_SEARCH_MODE_FROM_CLASSIC&trackingId=XMP7O0GpusqPjwpm69B3aA%3D%3D&refId=ihzcOJpFmzyM7%2BNQ2MZPdw%3D%3D&eBP=CwEAAAGY_qHu_56W_JCXqq1aGdn_YyjAlM2KKAR5pUFJjaXp-MRVu15aVUO4zwH_5FN9uBPoe81UZ8vtI-s4obAHXkGMwetV5KsTdOGskGLM5znEhdRzbrQO7IOpz26OgkRCqBMDFYjOIjb9kkUf_3fW7ai-wvz-XiDj-P1joZ6pxt5_Zk4OzGvgBpII1lg8Ieslg-MLeZKL9FEsmVHddhQhgSQ4ttSbqTu6_lp2DCY2QyD9twqqYdTk-KfYannclaSdafwMhruSGZ41wxu6iGRQzDtrdTzkmqqblfVVJO_lYmM7AV7JC_vrEY-YLVd-ylwPNxw2T4mfrH_kgMHxKo8ZlL_AdJzUzie3Dm1m40ip5X4XkvsyHPNtapegYsQzh2dhicpLMI5xtIK-XTo3iXnWM9FeGcP0FJq39v9NniIX8n8REnbDLUu1TKJQAjVEDNAVGy1azidKo0YItHA195l19UNEWs-mPky-AjMvkDuTU12A8jHSuE6SP9ndsau9fae0Me0,
Merrill Financial Solutions Advisor - Valley Coast Market,Merrill Financial Solutions Advisor - Valley Coast Market,Bank of America,N/A,https://www.linkedin.com/jobs/search-results/?currentJobId=4278732237&keywords=Fidelity%20Investments%20asset%20management%20institutional%20sales%20investment&origin=SEMANTIC_SEARCH_MODE_FROM_CLASSIC&trackingId=tkNx0aj6DHG9dUtLSVXkpQ%3D%3D&refId=ihzcOJpFmzyM7%2BNQ2MZPdw%3D%3D&eBP=CwEAAAGY_qHu_xZjSuTj7VtrSQJhs9hqkPQEW1iAGc8d7mUtXm11FoQxhOjYOVQjdsxqOyoGMALjYZlqI4M60llEg9VaL8IkUOl22-EWj1Oziaj0gbhsDMEMuvlOSY4jE8HRgJ2apoh5aGTNKuqQLMnlaxJqqwW9PUNdZcLcdHZgVavRtLFL7PGo-wlMZ-PlJ53PNFZPMdwsTOKqj3sStLW6bJbV5oJRXzLglfFKaee9OeN75sjJvSbF_FiBPS-3-JbiPSkXe59gLw8bluGrei5bS0s009J7G4mFzVwjqRC5p0UikDbeoGLb69lTZA_86m5yoZXre8nUNdbCxNU-h44L2sEoOwJuwzHCFtq813KZBseI1d4vNnCuZw1NmNz-EnlZX1KOjt-2x-xItVlvco6la05KWL5LKN5SCZpQK1nfWXSAIzCupoRX4LaT4xldv6FotzJGyKOmJedrDFnC6e7_xC5VWjeAEGCqhD2fgPOwO4ToUNAPXp0KUt6zrcLjJv7UN-Y8TQ,
"Private Wealth Consultant, Outsourced Advisory Solutions","Private Wealth Consultant, Outsourced Advisory Solutions",Capital Group,N/A,https://www.linkedin.com/jobs/search-results/?currentJobId=4279259790&keywords=Fidelity%20Investments%20asset%20management%20institutional%20sales%20investment&origin=SEMANTIC_SEARCH_MODE_FROM_CLASSIC&trackingId=Zk4yI6TdTTteBzLnR2bG0A%3D%3D&refId=ihzcOJpFmzyM7%2BNQ2MZPdw%3D%3D&eBP=CwEAAAGY_qHu_994D76Skk7bg6fx-dtUjVfi4W_nVr5FIzQhjZFEgaus2G1LFC6mvKHjUeViorJEvc-7HNnMtpWKIHyjUe8Q2MqmIP8xFG5jV6oG4NDis7yMmmcdse1XUtnGuIn4jtXuOYtXl6z178ZweswlTI8ZDp4b1pv3cR626I1auJOA5pUgQE9OGU40a2lcnpXeKnnmuSs1m8tJOp5gHlIFXjPynG_e3dsS1gua3lvUj-yahhSzSoRImHOFDIBo7QWiIPEUMYJNFW9N0rorC-ctOROvYdLZ_IQPZjCGnl-zB0sFFxCB11QsuntGCUI9LbaQj3OeEoZa2b0Shn4tTz5s4yRabFdgcoW5poPmJoMYphE_-kwwTuevP__lUvnOpQ4m29MQkFH1rratKBk4TtYz5TRgnWPqcaeIBgtV04Cc6Ppi013iedZsP6GQHi3LEoSUB4bIjFl-RDgvprnGHGAOkbLs0_PbvBoAUyiFWU17K6Bj1tNDV2M8Wk_KI-BmWJjLEw,
"SVP, Private Wealth Advisor","SVP, Private Wealth Advisor",Capital Group,N/A,https://www.linkedin.com/jobs/search-results/?currentJobId=4042981037&keywords=Fidelity%20Investments%20asset%20management%20institutional%20sales%20investment&origin=SEMANTIC_SEARCH_MODE_FROM_CLASSIC&trackingId=J9ySZegG7aYOy0qGRxU64w%3D%3D&refId=ihzcOJpFmzyM7%2BNQ2MZPdw%3D%3D&eBP=CwEAAAGY_qHu_8uEerhCTdr-HB72XQoIEMKrNJbrVircfKVklI3mZphyXPeTc3iuvmA_Ar_smqfrLfrJLOj5mV3C0BeZNTAYWVhp9vvki8_V5tiXyOHNUk1XWxJKNjGnZuLY8NaCH5nfOlbpL0hqNwdpjbWo9FeqUaoUswzAdwjYSfcero2Tp_amUPfDDak4oYv1dkD1EHmLjpEw_jvccEprQISBbz7E9vefQZH8DWvdwJmRHajCMLkPRsrFR_WvDI9PAdz4mhX8z10LRYiWChaQ46y3fvuxwNhdhhJMl7ouIcOL80vXzRe7zhEMutFYcnqwsdEjqDfzxJJDIXIT_laCsqVT3EAo9CmreJ_yviOLwtI6zHV33Ae3Y7szgQ7RkOXn3WyRkibGTAT7KhUWtt3Fvhd8SMH9FtXxr6BYRAdVtuQhdWoolmNe9-U3CxW7gS9eVac3Idjb6tggKmo39REI8p_yvJXoohdxDtM30svzRU9t731HDPkASSjFMj7tzo_m,
"Analyst, Institutional Asset Management Sales and Consultant Relations","Analyst, Institutional Asset Management Sales and Consultant Relations",Principal Financial Group,N/A,https://www.linkedin.com/jobs/search-results/?currentJobId=4290950635&keywords=Fidelity%20Investments%20asset%20management%20institutional%20sales%20investment&origin=SEMANTIC_SEARCH_MODE_FROM_CLASSIC&trackingId=okvR%2FUt7vPkbHsWTbj0n4g%3D%3D&refId=ihzcOJpFmzyM7%2BNQ2MZPdw%3D%3D&eBP=CwEAAAGY_qHu_1kowzrOmryHEYEkpfny5I1861wVwnSaHGqrnovHGb3Cr7qiheDFXu1RkM-AxhLCPYrr3pIFoeo1h992cho99JAcRjHnl8DIw28yj6EyUj0LJgnu3BMfP6-dN_HOmdxs-9jjG3ISE4fy-FOGSlsxsaQ_sUdaRg5_SFls4o5CUSQT972M7R3CDD1W4bxfk3Dz_SlfJUsLRTCDMKBubYp3JkGMb12wP3rOhmR5i73VJXN5QLkirmW_07HrBS5om4SgcpfCu99fy-kepSGzj1wuPaZttuyNiQMtIUK1a8ryd0kVbpef071RwfMkvFA13WVlSK8C2X5N6gUmmnpV_pCNvgWv3UVfpXtQaOdmy0L_fg8RcFebjj2ZyjsxpFwo1FDZgthKyjIhI96Jo9WMK71yJSa7Gn9C5gSwSADcSGCr4ktz0EoNPl5RPs9RhhyTLsYJ61p5n28VW49wlXXolC9nfDP6pYwjJEmCHc3oE6wpG2KskHcE1yjv9g,
Financial Advisor,Financial Advisor,BMO U.S.,N/A,https://www.linkedin.com/jobs/search-results/?currentJobId=4285380160&keywords=Fidelity%20Investments%20asset%20management%20institutional%20sales%20investment&origin=SEMANTIC_SEARCH_MODE_FROM_CLASSIC&trackingId=IjZSzcvXIMfzzX%2FzmYl5hQ%3D%3D&refId=ihzcOJpFmzyM7%2BNQ2MZPdw%3D%3D&eBP=CwEAAAGY_qHu_97MBlWX_c07c7A7CByhkClbbpKXUnvYNvhleo4WNMP-3_Y3FahECZQfO55QnbOWEMrpSaj-rM-yZ4ldAPgCxb4kdpi9LuYVIMfACrDLvAlH2MGxMtcA6pgbsTEAL--Fc81780PNWSpLZmy-VVbkPsTjJxXYY_hUlEJN4h0mAwOZI512QCGbt1y8eZAKPeEdk0qKbAkw8B3bCYKe0pbm0SiIHL-E1Z8IJHEgi-N8Wfnhl39b58KMRERSZuHKva-tBG2hTqdguGvxIX9W8_ZXFt2d4fFpouoxwZndGLZSA2aHuOWDsqaHGu3F4UYjH1BUVYXFVGFdhvKPLgZpNK0umZhewLELvwqX8RXqPqtDp8lJFkIoV9EbqhTrpdkJjDE7YBEbrt-9xiZUM7U_ksxI-sgc1B3i14U98HQ8M0KoIUALEhEF6b7wzgR4XqJnLGZH6k7rma7d21OXgVgi9sYA4M8wPkwgdexC25JPJGsR3liX5_5ZYVfvFTKBbX05lQ,
Financial Advisor,Financial Advisor,BMO U.S.,N/A,https://www.linkedin.com/jobs/search-results/?currentJobId=4285376403&keywords=Fidelity%20Investments%20asset%20management%20institutional%20sales%20investment&origin=SEMANTIC_SEARCH_MODE_FROM_CLASSIC&trackingId=I6TuVP3ASDC7UVJfC%2BspIw%3D%3D&refId=ihzcOJpFmzyM7%2BNQ2MZPdw%3D%3D&eBP=CwEAAAGY_qHu_5QykgsPeWz9qMOLUzFkJytRCOp6tI2MYxKv21EjaOU7ixgBxunxNbeUubUY7FuW1mDaWBTXmak-FNZjOn3WTGlzgISWlNUlujDJzejZLQu4tfaISCxPoEjKiQgMYNLk9ogujHOYK4fMSloK-evMs71sx5VBMugKPTjXl_NEGw_KPVOUnlKdJiPyKOaMB2zcUEPduV4aaedxlvBvbbDhKaG8PAn96tw6a_O-uexV0s4QW_F18jssfAtqJEDi3C0J2SpGFkZQMs_c1whcn1y43zA1CzWcM-yq_kl5bGF7ih-pUMDNXdaKat8QId24vPpMh3hw6hkTMRiaBIqGKGXAsPLOggiuWr44IRqKO5-STen_jmsZy3fw1QlTQiwof---0DqezTZ6-i-4hWOV18syWanVYCR0qYQc_D-RlcO0jsJPig4mjhG3XEQVlojB_bM2XiItV07s6PB1R8cuOPQ,
Institutional Gatekeeper Marketing Senior Manager,Institutional Gatekeeper Marketing Senior Manager,Capital Group,N/A,https://www.linkedin.com/jobs/search-results/?currentJobId=4255267855&keywords=Fidelity%20Investments%20asset%20management%20institutional%20sales%20investment&origin=SEMANTIC_SEARCH_MODE_FROM_CLASSIC&trackingId=8b26S%2BXV7kDtQ21ncTOK%2Bg%3D%3D&refId=ihzcOJpFmzyM7%2BNQ2MZPdw%3D%3D&eBP=CwEAAAGY_qHu_z_2kaFiwLSLGN1BYR54TMx5FZiRzL35SYv604dGaCLfCr44ZlJIJ2fyJZwM4hvs97J5iX6M7CfrZSFZBS0qC81t_kbQfB1R5TUkFWm4uJqC8RdwSV_RTFL_1oe8v1m21QQDit3f9PMxv0jjFbGjc53dqtwGjeBupXgOqRxrTYGDKJxioqGLq4_s1o39PgEesmXjBCL6mMjAalzfNNVpVGELopukNfmlNKiKt6lOEhJ3LGn5HkYU5O6AJ3yhPSRi9aRamOESCcs6Ls8XPjXqUy66tEsFHnCBvuC6GvqmZ-0bcvekVYzXpDxleUvJqMD7TNlDNKCa4R9ULrjv6CifSYGOwRWpo14uCcbfVnGEOtrAGgkS16B9drs3jzmu7l1HmMHzlgzO9f2lOKMJkIcp0T0d_SuNlrOjVENm_0ZveRF-kjgcnvASH4fK3CSRWWCo-1x5vWrQ8_ORxohdkh-lRVPHfaS9zbm4MXR9iEkXxzkEe53pWVC52WFL0Zs,
Business Solutions Advisor - Newhall Financial Center,Business Solutions Advisor - Newhall Financial Center,Bank of America,N/A,https://www.linkedin.com/jobs/search-results/?currentJobId=4289133974&keywords=Fidelity%20Investments%20asset%20management%20institutional%20sales%20investment&origin=SEMANTIC_SEARCH_MODE_FROM_CLASSIC&trackingId=0mwzFenCk3fKKF3dfcqM%2FA%3D%3D&refId=ihzcOJpFmzyM7%2BNQ2MZPdw%3D%3D&eBP=CwEAAAGY_qHvAMEzcmtRQHb0uzd1AZXalhWbZ_0uuszpGd8V0HVyDbgw7uVh24J0EZXW5S3pHHEnDXEZEeVRSaH4abqOGskgcJDi-lw89m343zT9M7SKF9Jf6lWUx1l_mN24o2obJm2YSiLkldgmCCN3u-U4taBmE3GHfzYrz5dkKisYLCfEGi3F5MBx5mn8aZYx9JF5IIKy-KaasmuaLdw5rVG1mFhKZqI2ANh2tDkKehjPxT8CGLV6QI7frrIPVOj7W0daYUp0n810RCylBtT_srVALwQ0tfrFXzZQt7CIKV8giIXxXyojYU6XnK_66h2JSw2nNa5iFVMQWt6sBflHMyP0b7Bf1UtBTCdK-VB2pmzGz9DCAPUN57QQ-gmyStJjFyXaGln-GBEXlJmF7A1levOkgR8l4E40WCCmF94fhD2PZINsXVzp9AR4Y2fKho7BBdeLzKAt_yCFdZSWzgN3VmNYoPhOjDqLQunrmn6c_gr5speXkivXyv5LgXhFMg,
Financial Advisor,Financial Advisor,BMO U.S.,N/A,https://www.linkedin.com/jobs/search-results/?currentJobId=4285374603&keywords=Fidelity%20Investments%20asset%20management%20institutional%20sales%20investment&origin=SEMANTIC_SEARCH_MODE_FROM_CLASSIC&trackingId=1S5jUhQchlCq3eK99fBqqg%3D%3D&refId=ihzcOJpFmzyM7%2BNQ2MZPdw%3D%3D&eBP=CwEAAAGY_qHvANWjAc-Nzn_hx4R8cyMMzAI1I6BRflLMCbIR8PgsG2NbVQ76tQTXjKH5PL2H_x_JnEUrYdo4RTBjtBI-eZ5018AkHZjU9T4Ysg_f0hrkDiZ5KM4kVEpIbf9mBfN2a9rPB4loO1Ej2BbiR_tmp3RJL5v0DzGjICjntHi61rcfSWicc54BVC_ZG_bv7lBmPBRVl61MYlcFBnx8jHc-g_WyJIUcOnltLCcy3DI3sFiXkkCZT7fkSAPR8psVmzeqN7NvMv2jwE78ED7TZVW8eVawovkBl_ImTnRP4rHZySnbhNfb2Je19LW-Zg55S1eXdZmiJM55nQPjNk2jMe8LBYvOpdH4RVekktzdzeRXvfNuQF-8ir3AnMveaTdiz0DxXul39V1AmsndT5bxmjSEQID7f6yCVZevnb4LVq64xQkqBZJnUYb0PeblcBodaCoUT2loegongsJhMj07ziyKQ2ZWb0NYKgk824zy14kLfpqrJMlVyM0_ChJFnwKdt3k,
"Strategist, Client Solutions & Analytics","Strategist, Client Solutions & Analytics",PIMCO,N/A,https://www.linkedin.com/jobs/search-results/?currentJobId=4201136626&keywords=Fidelity%20Investments%20asset%20management%20institutional%20sales%20investment&origin=SEMANTIC_SEARCH_MODE_FROM_CLASSIC&trackingId=T0qCr6j6FQ%2Fv%2FRImWXNbfQ%3D%3D&refId=ihzcOJpFmzyM7%2BNQ2MZPdw%3D%3D&eBP=NOT_ELIGIBLE_FOR_CHARGING,
Business Development Associate,Business Development Associate,Focus Financial Partners,N/A,https://www.linkedin.com/jobs/search-results/?currentJobId=4283443828&keywords=Fidelity%20Investments%20asset%20management%20institutional%20sales%20investment&origin=SEMANTIC_SEARCH_MODE_FROM_CLASSIC&trackingId=CupiKO%2F%2FK3Oie1mnmIwKFw%3D%3D&refId=ihzcOJpFmzyM7%2BNQ2MZPdw%3D%3D&eBP=CwEAAAGY_qHvABRcndWP0unHCFKNjFj3KjDqEH14DV6lTlMtCsaexmvr1tB5yA8p108UYXtI9BBwWRIb0rhSvUZczxYpb8KlE4tcUfWo-LSAygxVMdRJsej2dD0A3_pvAAi9wMiBNfcPGPD4OGS3J7tARHvDglogKYxPT4tk1c1IpYU616utoEydaEIWSyQ2_5jifAMQBaxXhHFSaxw4LJ_BqRym_cpeb3eCKw2HiEBjWQ4zhlfl4xPK1ZqOhhL0xdkIdBygHAbHmPjqgfIjzX3T600q5vqh3_KtEr28BD89dMhAlvl_NnC4S45FyAH3bdkrlr_1m7X4bnD0D4Y_ytdZq3veDjsu9nw7-5Y1E4qX_MLU_nbtdqOUGnwcCLtGyg7yZ1Ng5iZtw7OPyx5IsjdiQfPjtXbkGP5pUtNt_urMo9PZVK1Qwz_perVgyccUWBRdVEkn9omihJIE24_G0C-40VuQku92_fwbQ9sWry5_OPx0xiWHMFnYymEqF2fkku_6DzI,
Investor Relations - Managing Director -Los Angeles,Investor Relations - Managing Director -Los Angeles,Marathon Asset Management,N/A,https://www.linkedin.com/jobs/search-results/?currentJobId=4264240588&keywords=Fidelity%20Investments%20asset%20management%20institutional%20sales%20investment&origin=SEMANTIC_SEARCH_MODE_FROM_CLASSIC&trackingId=v09602bpZKd0qlwFwSccUw%3D%3D&refId=ihzcOJpFmzyM7%2BNQ2MZPdw%3D%3D&eBP=CwEAAAGY_qHvALS_RK6pj-H2k9wQ8ncj_20f_TxZuEu75WfxTdG90BBoQf4MFWm3emDMFOXq6XbcgwU7sIpyqRKJidG7dowRa-r9FXzxGCxiZuZJMfvJW3iZEWPziHjEdT8361HmCWslXqfeG5cysp23BgiUYMXwqaUUE9-Z5UDBvOKQQR-cgVzLrPy2tWmG8WUXeiFgYtBSsHcvFOUtqVKconRM23R7PotC7tWygCQwPRI8aoZSvv4ZbaMvi-5ccehL3QFzY6W_3GaGd-V_DAyAFBv9AlXqE241nYiDbC6mcxjkAXqikTfwi5CdcgHud6I6m8zJsBH8xSC-509V3Qf3dOeG4Ot222HEdc1Vf7i6Hxmm3dLRwJEH5nb8RY5pVu7FYgzm8TYUIw2dnFDEp6J9XKiZJGlP0psHA06POpl3eH6HOG19rvedBYurioRHJvA_zHj3ohQVyI3RE5RCc7Iu3oYSo51GovpvoRKDZkGzKWrJaeHKbI2BPX3AnTXzSIFW2iPzOA,
Casey Quirk Investment & Wealth Management Insights Senior Manager,Casey Quirk Investment & Wealth Management Insights Senior Manager,Deloitte,N/A,https://www.linkedin.com/jobs/search-results/?currentJobId=4275086718&keywords=Fidelity%20Investments%20asset%20management%20institutional%20sales%20investment&origin=SEMANTIC_SEARCH_MODE_FROM_CLASSIC&trackingId=c22WwZusIGFB6jauAbUQ7Q%3D%3D&refId=ihzcOJpFmzyM7%2BNQ2MZPdw%3D%3D&eBP=CwEAAAGY_qHvAChKOKN4-LIENf6NaTUYYdrQV4uge0PNkcj-8jjwKbNs5mQyL7qrqkskD6naLsg_WfwYUt1PWqAYpLaRnCBmZJlVrviV4VOA5uxOyIH78T6hmoPqgH-ahRKthID6-5YHWapdXjJTR_PcQE5gUIseuZ63f052BcQjvz7sJJYF4x5HwLtlvVDpldGzbup_rKdXLuTx7PH5Oy4t-PQO-bx2H-wQvr6I_bP_IcKVpewZcuXGkOpBWh3cOMfiMu64DGPdJ9zrq_NRo8kPqc25kQDrc8ZyCejgQqPdagq2zJvlgegLHFYRHqzDj-fOtMfqc8KnNZcqFhSVRRcI8MLplJMHzykAGZ0Q_1FaYMMNhx10uqimGc9ii_4SxC-bdF17jWG_snUDEAvMkSanlbohgHdHm4JHiPuBDV094NrFuW175qx4BIK5xCuZ3eTV9EoEazxum58lCVOjkQi3T5JTbJkak9l4Eqa_ddHQiXnXv6yc592Rmnv10bCdexhQSC4,
"Regional FX Sales Manager, West Coast, Managing Director","Regional FX Sales Manager, West Coast, Managing Director",State Street,N/A,https://www.linkedin.com/jobs/search-results/?currentJobId=4285938304&keywords=Fidelity%20Investments%20asset%20management%20institutional%20sales%20investment&origin=SEMANTIC_SEARCH_MODE_FROM_CLASSIC&trackingId=wkkEvWef4y6zRaGFBrp3kQ%3D%3D&refId=ihzcOJpFmzyM7%2BNQ2MZPdw%3D%3D&eBP=CwEAAAGY_qHvAHxY1tyOIXG4YP5kmlAxEJEUoclJG8M7RB76nWoVh2fRFY3DP90iuYlTw12oCaKRpNo_B3zZGX0s4fFmBAyMQwy1kzpce9NZQvj391-_VYEbrxGi3Q5cAwiB6vdRaCsLGRNJ9wSl93kh5NhLQ5ahviLl8mynGUQl8nhN1ZzlJUSW_4sjguF3ITrXZYFTI50w01ohE8wqbVVMCYK2-MYDqwmd46Y_gWPvXCpBz2e9IK7rHhjBvAIP3J3HVaDQWL_UIYLE6eN3UrXGPjPOSvDo3VZwHocjP5F1HiEAAYUUeGf05O-pAlcaOWQGhm3eTHrnkzxgxFdGloTqdZFPZQgeN_lZToda_E_-lAA59Mnb9-m1pUng5EIL6EmMNwF9w4GXxHDBkxCeChBhQOc_P5XrxX5chgGlc-uLUFcqpmz5uhDXIaOENFTwrQnveLgrz-yZdQJc1csLARG6S8gNi0Z1a8dP5KNAeBrXbjc1JcI79QRAIFAMYpD0Rw,
Business Development Manager / Wholesaler,Business Development Manager / Wholesaler,SteelPeak Wealth,N/A,https://www.linkedin.com/jobs/search-results/?currentJobId=4291374006&keywords=Fidelity%20Investments%20asset%20management%20institutional%20sales%20investment&origin=SEMANTIC_SEARCH_MODE_FROM_CLASSIC&trackingId=fee4UQ65h8x7aKkbAeGsjw%3D%3D&refId=ihzcOJpFmzyM7%2BNQ2MZPdw%3D%3D&eBP=CwEAAAGY_qHvAPBD-BBb5hQe7OuKzJn_PJcykwMjZga9SLSJ5gIwumcJkw39QMqQh1Gbuxo8Za1aWPLH3L-2XsNcT6TB8w7YtJc9FGjNManZ1SBGhgfFL_2p_JpYQtBd-18eotQqf0-op6BU5vlIbfOQtoy7cGRwKANBKfKCEfSBq6GRu59RzJKMCMBEEXgNI7lAeDEEXwvGbKKRRZB02kyzqij9HBrZ68PwdYkY_xn1ccPZSpeotu8w3DWfnwCB92Ek8J-aL2rppC7p6Unpq1xXT8ZJBwUBhJTdJ9KIsTlt_EjqT2xSutCFQYK_Ra0qCbqaiYvoBbD3eBgE65jCS9sCUKNKuRw5Sq_wEV1XWmnPDDzvBRWvMSX1jcfSqyZOMLx1d2v0_HXCQf-J49I3ZYl-zmN2_Vkt-qow79W8abw4kN8Zaduq5j3NN6OwPs1lYEyxILmw9y58mU4pzbBeY1nKdwlgrdYcTYIHBAfVIrkaK1wxKloiR07_nL0hdeMh2sPk,
Senior Relationship Manager - Diversified Industries,Senior Relationship Manager - Diversified Industries,SMBC Group,N/A,https://www.linkedin.com/jobs/search-results/?currentJobId=4280476447&keywords=Fidelity%20Investments%20asset%20management%20institutional%20sales%20investment&origin=SEMANTIC_SEARCH_MODE_FROM_CLASSIC&trackingId=RD%2FJPHCpj4N8Zl7YK4uhCQ%3D%3D&refId=ihzcOJpFmzyM7%2BNQ2MZPdw%3D%3D&eBP=NOT_ELIGIBLE_FOR_CHARGING,
"Associate, Private Markets Clients (2025 Start Dates)","Associate, Private Markets Clients (2025 Start Dates)",Third Bridge Group Limited,N/A,https://www.linkedin.com/jobs/search-results/?currentJobId=4102116385&keywords=Capital%20Group%20asset%20management%20institutional%20sales%20investment&origin=SEMANTIC_SEARCH_MODE_FROM_CLASSIC&trackingId=z2c9v0l4oZrQiRLGwQeUHg%3D%3D&refId=ihF9Ln7SYJwcq9r4eW3qLA%3D%3D&eBP=CwEAAAGY_qIkKIaioVWfyIG-Ib9H6o3_bDtclRELgz_6nCrXGNI0pK3jB3M78v8J9KJ4amZslCvliUNGJvBGLZfSnsfreh_EP4iu4K4VvTpTLVrKumWCyNR48dXiTYjsO1wbEOKwmqI1fe3a2I03FoCctsTj4ow5BKe0Q-VYshgh0zpUl1DLN-LALcfklOB2FG2U0tgTcZHDq94nL6p6prHM69964AwXCLEd0tVRXw6Pwb9QOn9EuZRfrfOxRc4QqdcqrH2zmArgjTOab-FqHwg6-ZN83VNrfvioja2KmPvmXlYaXp3flIZczNIu3xIa2HIrXWRh_azT-f7qLrjFeEAqqcv1wGnOK6zVUoJoQn1Ji_AofHAfuqu7AfXdwN3czIkT5MmjNKTeE5jjUkP9WdgVBT6UtT2wRXUD9Hw04UNhq6MeLkoN3XZV430vugNpM4-fECvKVmHcsHl8C72bAOh3mym7lN21CBMqVJC7FqnXK7yU2LEQ2_ngJOC1S3oib8zd,
Merrill Financial Solutions Advisor - Valley Coast Market,Merrill Financial Solutions Advisor - Valley Coast Market,Bank of America,N/A,https://www.linkedin.com/jobs/search-results/?currentJobId=4278726880&keywords=Capital%20Group%20asset%20management%20institutional%20sales%20investment&origin=SEMANTIC_SEARCH_MODE_FROM_CLASSIC&trackingId=aaV1lvtSGXDBZMJZ528T1Q%3D%3D&refId=ihF9Ln7SYJwcq9r4eW3qLA%3D%3D&eBP=CwEAAAGY_qIkKSadhBZvL0lq9wmzt6Z6lK7pLgn2_mqxsrBGH9BvJyfSyo4fZvE_Wh4Q_dZb3fX8Ir7pHPfRpF1WymSypDFSQGAOuoUfMmXBdvMaRfFfV95NcI-ET8hXvePQWFbjnD8okAnkQ4KDBLb7b63bNoS6Dd2NzSzy74fmducYFtvy1SyEn6e7XdZC6fKoVf-QTLDxXLbkw-dEjDF9qemEhIIByjxFh6wfFXhDS_cvKwbj4ICvNk1qiiOrFwH7W5rX2gacjUXEV6q8DBNJKjqbuYd5S67uXPm8XKEprI3v9S6aHF2_9kQ9Lvgo3a_L7XDL_Ptb4e7_F_YRD5e5feshFFCNAFoWK5mqytoBYOcew62nxDLoffo1N8cTvRUckhV4KBJ6Iq4oxJAfTg3hTa8ztvpLdmHvA4iM7scIIkXKlOkNjYtFC1n47mZ95J0ZyiMG6LFttz-I-mMQXc5mFHlOvPgxOabVRCnjl5LOW5prsVm_FWnBjOcL6Uc9bebb,
Merrill Financial Solutions Advisor - Valley Coast Market,Merrill Financial Solutions Advisor - Valley Coast Market,Bank of America,N/A,https://www.linkedin.com/jobs/search-results/?currentJobId=4278726881&keywords=Capital%20Group%20asset%20management%20institutional%20sales%20investment&origin=SEMANTIC_SEARCH_MODE_FROM_CLASSIC&trackingId=EdfK%2BFeacSwpV3nNLgk6nA%3D%3D&refId=ihF9Ln7SYJwcq9r4eW3qLA%3D%3D&eBP=CwEAAAGY_qIkKZvrOrghcO3EUub69XWtfayS6cC21jQcllu5j8BpkLA1tPZnqhKmsG_tafxq5r5Zx_pbrbhdSmgWeHohi04C7u0JRwzDWSiiz_O5si69CUh5QRC8alqRErEeCsYV6Ibg0aI2LnxdWUQtxYVdVrcYumFinZBU5J0uwK2UdSyuqIdH9X7MwAodowtK8JAWzhPdr8gDWTLdR5dHuIxAaMC7_4_PCAYpiCQgeM0Csf_hGCWo_p_B1zrkQ2ufdY8d0kC4Hd-1BBgAHkT-4leGP7Hu2GcqJWTGBytvkjTDej3wc3YjWJ4SGzeNGveYPzKZwbGA1XYYQyCMEjCDPDmvt1E3HO-zrtlX7OezxvnDEcF-1Tno3cZcI7GObf09o661cwTv09AgZXt8P7pvqI8rba4FcsA-bTPEuivTJJuA6n3Ml_RGxFYTKFd1OUppTr1xamWx-C6kSTIyzp-jRvZNqZVqHiN2vkqx1j3E_fUUwrGvPH7CgBXEVm4wvw,
"Account Associate/Analyst, Private Capital Group","Account Associate/Analyst, Private Capital Group",PIMCO,N/A,https://www.linkedin.com/jobs/search-results/?currentJobId=4267694589&keywords=Capital%20Group%20asset%20management%20institutional%20sales%20investment&origin=SEMANTIC_SEARCH_MODE_FROM_CLASSIC&trackingId=D6RRfkA6iUfFOYqxeLvYBA%3D%3D&refId=ihF9Ln7SYJwcq9r4eW3qLA%3D%3D&eBP=CwEAAAGY_qIkKcU9ftHii7YWCD2ePoiKiMKIYcwmg_o_ShDYxTsvJ8tVk7LIu2cGROVrPaXpRkKV34TM3iWGhKn2GdqLQUzcw2iKxym6Dk-WPA3UTxiNc4TT6xj4Fz5GCoHfUBWZpZDqoqBWi4nhWcPWFrOJyzNCW4ciOo2yl4mxN23g3OIur6ANIEwQKH1YhknyCjC700zJ3Uts7QHLYzpc4G3Va_YHWP7ssR03gi8kMPJXfNAYgM1BvsDWtamzfBxwXmKh-_gc2CwGG2PU2B10EdOec76A8T17Ad9-0mgWnxU3QYiT62bQtw9Kmri1RCxVzCfi5gFiW3JcBnNkoh9hh20ZdUBl5sV3XM_sEXTDeSsxB7tfOP4a8yQjL62taXaq96oeb-sUPXBeUDCD6rLCAwdZt2xtZqtb-6lf-6RQskgyGGPaQkETHMn6y2YBYUCwvRAxl2wGOhr7uYfSMbhiYvZNlTqm83yipO5Xwyjqg_rtHt9roCSVKwSxMAA6viiq,
Merrill Financial Solutions Advisor - San Diego Market,Merrill Financial Solutions Advisor - San Diego Market,Bank of America,N/A,https://www.linkedin.com/jobs/search-results/?currentJobId=4278730657&keywords=Capital%20Group%20asset%20management%20institutional%20sales%20investment&origin=SEMANTIC_SEARCH_MODE_FROM_CLASSIC&trackingId=0sKYvqpe0vVW1Kule5fPLw%3D%3D&refId=ihF9Ln7SYJwcq9r4eW3qLA%3D%3D&eBP=CwEAAAGY_qIkKd0RD10qkQ0s1zN3otxCEbV7eKTqC6ZBHAt8YIx0K_J-qNSbssAx-HedVpkpTQ3Bux_85SPaVimsp3nWccMzrHJob4-H2JUBa4QDncFYsOwo-gEcGQscCZL6S6JM4O1fM53tMXNSd8ADEX0nVcfdsWnEE2iMCWz4JN8G5_3qW0XU0loHZJNlTEI3xa7CSAZafp2HzcuT1HJh_kB9m0XEAR0kAk5f9VBXH0I3SSL0y7OqhPR-wdTKmLRdl7lSk6rzaxAVtuJKgs6ARbS00hLyBtphZgYfYEh6ork6sbd9uflbDO9DKpjQqRgivbprBKowhFnwpd3EFiHX1i9r1Jm0bvRNHbEhhyDY10xLTeI7LBCb8XiGPXiwcvVLrzQpInZSLqRQlunA6xmuYPRbjcnO-pHgn-Xjepz4do5lBbo6AlRc4KTpi1Zm-eFX6rzd8v55RBdPj7eD_0crZWoMdVde_aGLtwDqrra810j2qqwP34BSpXdv0l0,
"Citi Private Bank - Director, Investment Counselor - Beverly Hills, CA","Citi Private Bank - Director, Investment Counselor - Beverly Hills, CA",Citi,N/A,https://www.linkedin.com/jobs/search-results/?currentJobId=4272416922&keywords=Capital%20Group%20asset%20management%20institutional%20sales%20investment&origin=SEMANTIC_SEARCH_MODE_FROM_CLASSIC&trackingId=nX07TQpbc0NmO%2FUh2h1YPA%3D%3D&refId=ihF9Ln7SYJwcq9r4eW3qLA%3D%3D&eBP=CwEAAAGY_qIkKaddUUUuV1m3JenPdFLlqDSR1yFCWbhXOJ4HmxjIfJbjAfoSZpB6EwWjkXt002mu-rNCUSBbqeTo3cSgcwX-uAj1tYu7wp7D-OysdUEn6SjQhaaS6j9gd3_rzDfJUSRht39qrjNTkrlIbEfGM2AyedXep7SsXiYcW623shO4ODn3AIccbckc3sqOwYRkQWk0j_LB38XVen3fKmELPehy4d8GVjXICiSNyWMZnMzM1FLnEfV0n4YpsykqO12iH_6Vs29loP4Ln4EZIB9bTAgM7jlJmXdtyiLt_vgd6vywZz_PkCX_FTK5nUAYarw4eWWFypHI1C5BZFr55KtcrzM5fv-3FSFm9JOt_noEa0dutrEg75zJa4_kOgPBeR_VuLYWhsx4w1uWYr18NjlBustmgcfArvwP_3Le3A9Ut1FbCIcwv5l6ERzx5iMGwhy-Nnjrmyq4ZdBmLuyoG7UQtE4q4kHzUfw0CWXHOBJnc74RuKsZbJ1u8NrUvw,
